이용일자,이용하신곳,이용금액,할부,업종
2024.10.01,ABC마트,"203,275",일시불,
2024.10.02,하이패스 통행료,"84,700",일시불,
2024.10.03,ABC마트,"117,600",일시불,
2024.10.03,경조사비,"197,900",일시불,
2024.10.03,교보문고 광화문,"61,000",일시불,
2024.10.03,스마트짐 피트니스,"139,500",일시불,
2024.10.03,카카오T 택시,"148,300",일시불,
2024.10.04,신세계백화점 강남점,"151,100",일시불,
2024.10.05,SK에너지 양재점,"131,400",일시불,
2024.10.06,투썸플레이스,"67,400",일시불,
2024.10.08,교촌치킨,"44,500",일시불,
2024.10.08,넷플릭스,"15,810",일시불,
2024.10.08,투썸플레이스,"56,700",일시불,
2024.10.09,CGV 강남,"28,600",일시불,
2024.10.09,한우명가,"26,000",일시불,
2024.10.10,CGV 강남,"53,600",일시불,
2024.10.12,GS칼텍스 논현주유소,"96,500",일시불,
2024.10.14,쿠팡이츠,"34,100",일시불,
2024.10.16,예스24,"104,100",일시불,
2024.10.18,투썸플레이스,"65,200",일시불,
2024.10.19,경조사비,"593,900",일시불,
2024.10.19,코엑스 주차장,"82,900",일시불,
2024.10.20,본죽 강남점,"66,800",일시불,
2024.10.21,아웃백 코엑스,"49,100",일시불,
2024.10.21,아웃백 코엑스,"56,200",일시불,
2024.10.22,GS칼텍스 논현주유소,"98,200",일시불,
2024.10.22,곤지암리조트,"212,600",일시불,
2024.10.22,쿠팡이츠,"36,100",일시불,
2024.10.25,GS칼텍스 논현주유소,"49,700",일시불,
2024.10.25,롯데월드,"45,650",일시불,
2024.10.25,카카오T 택시,"154,600",일시불,
2024.10.27,스타벅스 역삼점,"53,350",일시불,
2024.10.27,아웃백 코엑스,"63,000",일시불,
2024.11.03,스마트짐 피트니스,"139,500",일시불,
2024.11.03,스타벅스 역삼점,"55,200",일시불,
2024.11.04,CGV 강남,"77,800",일시불,
2024.11.04,롯데월드,"39,100",일시불,
2024.11.04,코엑스 주차장,"67,800",일시불,
2024.11.06,곤지암리조트,"74,800",일시불,
2024.11.06,투썸플레이스,"70,300",일시불,
2024.11.08,교보문고 광화문,"40,350",일시불,
2024.11.08,넷플릭스,"15,810",일시불,
2024.11.08,신세계백화점 강남점,"166,150",일시불,
2024.11.09,하이패스 통행료,"84,600",일시불,
2024.11.10,쿠팡이츠,"32,000",일시불,
2024.11.11,GS칼텍스 논현주유소,"72,300",일시불,
2024.11.11,신세계백화점 강남점,"162,000",일시불,
2024.11.11,투썸플레이스,"46,000",일시불,
2024.11.13,하이패스 통행료,"56,400",일시불,
2024.11.14,교촌치킨,"41,900",일시불,
2024.11.15,예스24,"40,600",일시불,
2024.11.15,투썸플레이스,"54,900",일시불,
2024.11.16,CGV 강남,"95,100",일시불,
2024.11.17,곤지암리조트,"42,900",일시불,
2024.11.20,SK에너지 양재점,"85,350",일시불,
2024.11.21,GS칼텍스 논현주유소,"78,600",일시불,
2024.11.21,배달의민족,"46,200",일시불,
2024.11.22,본죽 강남점,"39,150",일시불,
2024.11.22,코엑스 주차장,"30,600",일시불,
2024.11.23,ABC마트,"95,000",일시불,
2024.11.23,경조사비,"77,600",일시불,
2024.11.24,한우명가,"75,200",일시불,
2024.11.25,투썸플레이스,"96,000",일시불,
2024.11.26,아웃백 코엑스,"29,400",일시불,
2024.11.26,코엑스 주차장,"77,700",일시불,
2024.11.26,쿠팡이츠,"32,200",일시불,
2024.12.01,교보문고 광화문,"120,700",일시불,
2024.12.03,스마트짐 피트니스,"139,500",일시불,
2024.12.03,스타벅스 역삼점,"104,750",일시불,
2024.12.03,하이패스 통행료,"81,500",일시불,
2024.12.06,스타벅스 역삼점,"36,200",일시불,
2024.12.08,곤지암리조트,"198,300",일시불,
2024.12.08,넷플릭스,"15,810",일시불,
2024.12.08,투썸플레이스,"118,100",일시불,
2024.12.09,교보문고 광화문,"156,500",일시불,
2024.12.09,교촌치킨,"47,800",일시불,
2024.12.11,GS칼텍스 논현주유소,"52,300",일시불,
2024.12.11,코엑스 주차장,"83,350",일시불,
2024.12.12,GS칼텍스 논현주유소,"35,800",일시불,
2024.12.12,한우명가,"35,100",일시불,
2024.12.13,배달의민족,"43,700",일시불,
2024.12.15,코엑스 주차장,"73,500",일시불,
2024.12.15,투썸플레이스,"34,000",일시불,
2024.12.17,교촌치킨,"87,500",일시불,
2024.12.18,신세계백화점 강남점,"137,000",일시불,
2024.12.18,투썸플레이스,"107,800",일시불,
2024.12.19,GS칼텍스 논현주유소,"59,400",일시불,
2024.12.19,배달의민족,"87,600",일시불,
2024.12.19,예스24,"75,500",일시불,
2024.12.21,신세계백화점 강남점,"144,000",일시불,
2024.12.22,롯데월드,"146,275",일시불,
2024.12.22,쿠팡이츠,"118,400",일시불,
2024.12.24,제주신라호텔,"348,100",일시불,
2024.12.24,코엑스 주차장,"75,300",일시불,
2024.12.24,한우명가,"57,900",일시불,
2024.12.25,카카오T 택시,"92,200",일시불,
2024.12.27,ABC마트,"174,700",일시불,
2024.12.27,곤지암리조트,"290,600",일시불,
2024.12.27,예스24,"66,000",일시불,
2025.01.01,예스24,"91,200",일시불,
2025.01.02,신세계백화점 강남점,"38,200",일시불,
2025.01.03,스마트짐 피트니스,"145,500",일시불,
2025.01.03,코엑스 주차장,"57,600",일시불,
2025.01.04,배달의민족,"32,600",일시불,
2025.01.04,아웃백 코엑스,"92,000",일시불,
2025.01.05,배달의민족,"46,800",일시불,
2025.01.05,예스24,"233,500",일시불,
2025.01.06,ABC마트,"63,300",일시불,
2025.01.07,코엑스 주차장,"77,800",일시불,
2025.01.08,GS칼텍스 논현주유소,"38,900",일시불,
2025.01.08,곤지암리조트,"64,400",일시불,
2025.01.08,넷플릭스,"16,490",일시불,
2025.01.09,곤지암리조트,"75,200",일시불,
2025.01.11,투썸플레이스,"62,600",일시불,
2025.01.14,한우명가,"71,600",일시불,
2025.01.15,신세계백화점 강남점,"102,200",일시불,
2025.01.17,코엑스 주차장,"90,850",일시불,
2025.01.19,한우명가,"82,900",일시불,
2025.01.20,GS칼텍스 논현주유소,"78,100",일시불,
2025.01.20,경조사비,"64,099",일시불,
2025.01.20,예스24,"66,475",일시불,
2025.01.21,투썸플레이스,"52,600",일시불,
2025.01.22,교보문고 광화문,"87,400",일시불,
2025.01.22,아웃백 코엑스,"76,700",일시불,
2025.01.22,카카오T 택시,"59,700",일시불,
2025.01.22,코엑스 주차장,"99,000",일시불,
2025.01.25,교촌치킨,"33,000",일시불,
2025.01.27,배달의민족,"42,500",일시불,
2025.01.28,롯데월드,"110,700",일시불,
2025.01.28,본죽 강남점,"81,600",일시불,
2025.01.28,카카오T 택시,"75,200",일시불,
2025.01.28,투썸플레이스,"72,000",일시불,
2025.02.02,대한항공,"309,900",일시불,
2025.02.03,교보문고 광화문,"37,200",일시불,
2025.02.03,스마트짐 피트니스,"145,500",일시불,
2025.02.04,GS칼텍스 논현주유소,"138,320",일시불,
2025.02.04,아웃백 코엑스,"78,000",일시불,
2025.02.04,카카오T 택시,"160,500",일시불,
2025.02.04,코엑스 주차장,"151,100",일시불,
2025.02.04,한우명가,"23,650",일시불,
2025.02.05,CGV 강남,"90,700",일시불,
2025.02.05,SK에너지 양재점,"73,100",일시불,
2025.02.07,투썸플레이스,"59,300",일시불,
2025.02.08,넷플릭스,"16,490",일시불,
2025.02.09,CGV 강남,"39,200",일시불,
2025.02.09,신세계백화점 강남점,"134,899",일시불,
2025.02.10,배달의민족,"78,100",일시불,
2025.02.11,롯데월드,"81,650",일시불,
2025.02.11,코엑스 주차장,"44,700",일시불,
2025.02.11,한우명가,"75,700",일시불,
2025.02.12,쿠팡이츠,"50,200",일시불,
2025.02.12,투썸플레이스,"77,700",일시불,
2025.02.13,본죽 강남점,"52,600",일시불,
2025.02.13,제주신라호텔,"397,500",일시불,
2025.02.16,하이패스 통행료,"57,000",일시불,
2025.02.17,하이패스 통행료,"137,700",일시불,
2025.02.19,경조사비,"282,000",일시불,
2025.02.19,코엑스 주차장,"106,700",일시불,
2025.02.22,ABC마트,"137,500",일시불,
2025.02.22,무신사,"202,900",일시불,
2025.02.23,스타벅스 역삼점,"48,700",일시불,
2025.02.23,한우명가,"27,000",일시불,
2025.02.25,스타벅스 역삼점,"45,900",일시불,
2025.02.26,교보문고 광화문,"56,800",일시불,
2025.02.27,본죽 강남점,"28,200",일시불,
2025.03.01,CGV 강남,"70,000",일시불,
2025.03.01,스타벅스 역삼점,"43,650",일시불,
2025.03.03,스마트짐 피트니스,"145,500",일시불,
2025.03.04,곤지암리조트,"91,900",일시불,
2025.03.05,배달의민족,"36,700",일시불,
2025.03.06,대한항공,"82,299",일시불,
2025.03.06,카카오T 택시,"49,300",일시불,
2025.03.07,배달의민족,"35,700",일시불,
2025.03.07,코엑스 주차장,"95,900",일시불,
2025.03.07,쿠팡이츠,"43,000",일시불,
2025.03.08,넷플릭스,"16,490",일시불,
2025.03.08,투썸플레이스,"65,500",일시불,
2025.03.09,교촌치킨,"94,100",일시불,
2025.03.09,하이패스 통행료,"44,500",일시불,
2025.03.10,SK에너지 양재점,"49,800",일시불,
2025.03.10,예스24,"81,500",일시불,
2025.03.10,제주신라호텔,"29,500",일시불,
2025.03.10,투썸플레이스,"62,400",일시불,
2025.03.11,CGV 강남,"52,950",일시불,
2025.03.11,롯데월드,"27,600",일시불,
2025.03.11,한우명가,"30,300",일시불,
2025.03.12,교보문고 광화문,"73,500",일시불,
2025.03.14,한우명가,"88,700",일시불,
2025.03.15,코엑스 주차장,"61,200",일시불,
2025.03.17,ABC마트,"148,700",일시불,
2025.03.17,배달의민족,"35,900",일시불,
2025.03.18,GS칼텍스 논현주유소,"119,250",일시불,
2025.03.19,코엑스 주차장,"93,700",일시불,
2025.03.22,ABC마트,"101,000",일시불,
2025.03.23,GS칼텍스 논현주유소,"63,500",일시불,
2025.03.23,쿠팡이츠,"61,000",일시불,
2025.03.24,투썸플레이스,"48,100",일시불,
2025.03.26,ABC마트,"242,574",일시불,
2025.04.03,스마트짐 피트니스,"145,500",일시불,
2025.04.03,아웃백 코엑스,"31,600",일시불,
2025.04.03,예스24,"54,500",일시불,
2025.04.06,카카오T 택시,"71,500",일시불,
2025.04.08,넷플릭스,"16,490",일시불,
2025.04.09,롯데월드,"71,450",일시불,
2025.04.09,쿠팡이츠,"48,000",일시불,
2025.04.11,교촌치킨,"62,700",일시불,
2025.04.12,무신사,"79,900",일시불,
2025.04.12,한우명가,"54,500",일시불,
2025.04.13,GS칼텍스 논현주유소,"79,550",일시불,
2025.04.13,SK에너지 양재점,"110,700",일시불,
2025.04.13,쿠팡이츠,"58,200",일시불,
2025.04.13,쿠팡이츠,"66,100",일시불,
2025.04.13,투썸플레이스,"76,100",일시불,
2025.04.14,SK에너지 양재점,"80,000",일시불,
2025.04.14,아웃백 코엑스,"29,250",일시불,
2025.04.14,하이패스 통행료,"77,100",일시불,
2025.04.15,롯데월드,"44,800",일시불,
2025.04.15,제주신라호텔,"100,899",일시불,
2025.04.16,코엑스 주차장,"32,400",일시불,
2025.04.17,경조사비,"69,200",일시불,
2025.04.17,아웃백 코엑스,"76,800",일시불,
2025.04.20,대한항공,"33,600",일시불,
2025.04.20,롯데월드,"84,300",일시불,
2025.04.20,스타벅스 역삼점,"51,200",일시불,
2025.04.21,교보문고 광화문,"50,500",일시불,
2025.04.21,코엑스 주차장,"56,100",일시불,
2025.04.24,신세계백화점 강남점,"67,000",일시불,
2025.04.25,교촌치킨,"55,700",일시불,
2025.04.25,카카오T 택시,"69,800",일시불,
2025.04.26,교촌치킨,"34,900",일시불,
2025.04.26,신세계백화점 강남점,"56,800",일시불,
2025.05.02,SK에너지 양재점,"88,900",일시불,
2025.05.02,곤지암리조트,"171,600",일시불,
2025.05.02,투썸플레이스,"37,100",일시불,
2025.05.03,배달의민족,"92,100",일시불,
2025.05.03,스마트짐 피트니스,"145,500",일시불,
2025.05.04,예스24,"89,800",일시불,
2025.05.04,하이패스 통행료,"47,900",일시불,
2025.05.04,한우명가,"89,800",일시불,
2025.05.05,배달의민족,"66,200",일시불,
2025.05.05,코엑스 주차장,"69,100",일시불,
2025.05.07,코엑스 주차장,"47,400",일시불,
2025.05.08,넷플릭스,"16,490",일시불,
2025.05.10,SK에너지 양재점,"95,300",일시불,
2025.05.10,대한항공,"345,300",일시불,
2025.05.11,하이패스 통행료,"36,900",일시불,
2025.05.12,무신사,"184,300",일시불,
2025.05.12,본죽 강남점,"55,500",일시불,
2025.05.12,한우명가,"75,700",일시불,
2025.05.14,투썸플레이스,"62,450",일시불,
2025.05.15,SK에너지 양재점,"81,350",일시불,
2025.05.16,교보문고 광화문,"50,500",일시불,
2025.05.18,CGV 강남,"163,900",일시불,
2025.05.19,무신사,"107,600",일시불,
2025.05.20,ABC마트,"115,500",일시불,
2025.05.20,CGV 강남,"82,075",일시불,
2025.05.21,CGV 강남,"115,700",일시불,
2025.05.21,배달의민족,"39,500",일시불,
2025.05.22,아웃백 코엑스,"61,000",일시불,
2025.05.23,배달의민족,"56,200",일시불,
2025.05.25,투썸플레이스,"73,600",일시불,
2025.05.25,하이패스 통행료,"110,300",일시불,
2025.05.26,경조사비,"181,500",일시불,
2025.05.26,투썸플레이스,"71,700",일시불,
2025.06.03,롯데월드,"50,200",일시불,
2025.06.03,스마트짐 피트니스,"145,500",일시불,
2025.06.03,코엑스 주차장,"98,000",일시불,
2025.06.04,투썸플레이스,"46,450",일시불,
2025.06.05,곤지암리조트,"44,600",일시불,
2025.06.05,교보문고 광화문,"68,600",일시불,
2025.06.05,배달의민족,"63,800",일시불,
2025.06.06,SK에너지 양재점,"44,600",일시불,
2025.06.06,신세계백화점 강남점,"74,900",일시불,
2025.06.07,대한항공,"92,100",일시불,
2025.06.08,넷플릭스,"16,490",일시불,
2025.06.09,투썸플레이스,"37,700",일시불,
2025.06.10,하이패스 통행료,"73,100",일시불,
2025.06.12,배달의민족,"71,300",일시불,
2025.06.12,스타벅스 역삼점,"70,500",일시불,
2025.06.13,CGV 강남,"41,800",일시불,
2025.06.14,교촌치킨,"24,400",일시불,
2025.06.14,하이패스 통행료,"104,000",일시불,
2025.06.14,한우명가,"42,100",일시불,
2025.06.16,하이패스 통행료,"93,700",일시불,
2025.06.17,교보문고 광화문,"68,300",일시불,
2025.06.19,ABC마트,"90,800",일시불,
2025.06.19,롯데월드,"76,650",일시불,
2025.06.20,SK에너지 양재점,"92,050",일시불,
2025.06.20,교촌치킨,"71,200",일시불,
2025.06.20,본죽 강남점,"52,300",일시불,
2025.06.22,교촌치킨,"62,700",일시불,
2025.06.24,제주신라호텔,"66,999",일시불,
2025.06.25,본죽 강남점,"76,000",일시불,
2025.06.25,코엑스 주차장,"37,500",일시불,
2025.06.27,무신사,"38,000",일시불,
2025.06.27,쿠팡이츠,"26,600",일시불,
2025.06.28,GS칼텍스 논현주유소,"34,200",일시불,
2025.07.02,곤지암리조트,"776,799",일시불,
2025.07.02,투썸플레이스,"70,400",일시불,
2025.07.03,경조사비,"312,400",일시불,
2025.07.03,스마트짐 피트니스,"145,500",일시불,
2025.07.03,하이패스 통행료,"160,700",일시불,
2025.07.05,교보문고 광화문,"88,300",일시불,
2025.07.07,롯데월드,"70,300",일시불,
2025.07.07,무신사,"91,200",일시불,
2025.07.07,본죽 강남점,"34,150",일시불,
2025.07.08,교촌치킨,"28,100",일시불,
2025.07.08,넷플릭스,"16,490",일시불,
2025.07.09,카카오T 택시,"90,500",일시불,
2025.07.10,대한항공,"424,000",일시불,
2025.07.10,무신사,"67,900",일시불,
2025.07.10,투썸플레이스,"30,800",일시불,
2025.07.10,하이패스 통행료,"128,500",일시불,
2025.07.10,한우명가,"55,000",일시불,
2025.07.11,CGV 강남,"123,200",일시불,
2025.07.13,하이패스 통행료,"123,100",일시불,
2025.07.14,GS칼텍스 논현주유소,"100,900",일시불,
2025.07.14,교보문고 광화문,"198,200",일시불,
2025.07.15,ABC마트,"44,600",일시불,
2025.07.15,배달의민족,"68,300",일시불,
2025.07.16,SK에너지 양재점,"140,800",일시불,
2025.07.17,CGV 강남,"131,100",일시불,
2025.07.18,쿠팡이츠,"36,200",일시불,
2025.07.22,스타벅스 역삼점,"72,600",일시불,
2025.07.23,SK에너지 양재점,"81,300",일시불,
2025.07.23,본죽 강남점,"53,900",일시불,
2025.07.23,본죽 강남점,"73,800",일시불,
2025.07.24,SK에너지 양재점,"56,899",일시불,
2025.07.27,배달의민족,"46,000",일시불,
2025.07.28,교촌치킨,"75,800",일시불,
2025.08.01,카카오T 택시,"91,200",일시불,
2025.08.01,투썸플레이스,"49,900",일시불,
2025.08.03,스마트짐 피트니스,"145,500",일시불,
2025.08.03,아웃백 코엑스,"58,000",일시불,
2025.08.03,예스24,"139,400",일시불,
2025.08.08,경조사비,"304,700",일시불,
2025.08.08,넷플릭스,"16,490",일시불,
2025.08.08,투썸플레이스,"60,400",일시불,
2025.08.09,본죽 강남점,"88,000",일시불,
2025.08.09,신세계백화점 강남점,"84,200",일시불,
2025.08.11,스타벅스 역삼점,"36,700",일시불,
2025.08.11,스타벅스 역삼점,"70,200",일시불,
2025.08.11,아웃백 코엑스,"51,800",일시불,
2025.08.13,쿠팡이츠,"69,200",일시불,
2025.08.14,교보문고 광화문,"125,600",일시불,
2025.08.14,스타벅스 역삼점,"72,700",일시불,
2025.08.14,신세계백화점 강남점,"34,800",일시불,
2025.08.14,코엑스 주차장,"136,600",일시불,
2025.08.14,하이패스 통행료,"154,900",일시불,
2025.08.16,하이패스 통행료,"119,400",일시불,
2025.08.17,GS칼텍스 논현주유소,"112,300",일시불,
2025.08.17,경조사비,"1,135,100",일시불,
2025.08.18,교보문고 광화문,"146,400",일시불,
2025.08.20,ABC마트,"84,700",일시불,
2025.08.20,SK에너지 양재점,"164,500",일시불,
2025.08.20,아웃백 코엑스,"73,100",일시불,
2025.08.23,배달의민족,"47,600",일시불,
2025.08.23,예스24,"87,400",일시불,
2025.08.23,제주신라호텔,"306,200",일시불,
2025.08.24,롯데월드,"134,124",일시불,
2025.08.25,본죽 강남점,"69,300",일시불,
2025.08.27,GS칼텍스 논현주유소,"53,650",일시불,
2025.08.28,코엑스 주차장,"84,100",일시불,
2025.09.01,SK에너지 양재점,"105,200",일시불,
2025.09.01,교보문고 광화문,"33,200",일시불,
2025.09.01,투썸플레이스,"80,000",일시불,
2025.09.02,무신사,"224,025",일시불,
2025.09.02,제주신라호텔,"273,000",일시불,
2025.09.03,스마트짐 피트니스,"145,500",일시불,
2025.09.03,예스24,"87,200",일시불,
2025.09.05,ABC마트,"75,800",일시불,
2025.09.05,교촌치킨,"48,100",일시불,
2025.09.05,한우명가,"46,100",일시불,
2025.09.06,카카오T 택시,"67,900",일시불,
2025.09.07,경조사비,"438,600",일시불,
2025.09.07,코엑스 주차장,"151,500",일시불,
2025.09.08,넷플릭스,"16,490",일시불,
2025.09.09,예스24,"26,100",일시불,
2025.09.11,아웃백 코엑스,"61,200",일시불,
2025.09.13,SK에너지 양재점,"152,700",일시불,
2025.09.13,교보문고 광화문,"71,050",일시불,
2025.09.13,하이패스 통행료,"95,600",일시불,
2025.09.16,스타벅스 역삼점,"66,300",일시불,
2025.09.16,하이패스 통행료,"94,100",일시불,
2025.09.18,SK에너지 양재점,"73,500",일시불,
2025.09.18,카카오T 택시,"108,249",일시불,
2025.09.19,본죽 강남점,"59,350",일시불,
2025.09.20,쿠팡이츠,"58,400",일시불,
2025.09.21,신세계백화점 강남점,"158,500",일시불,
2025.09.23,아웃백 코엑스,"26,600",일시불,
2025.09.24,교촌치킨,"53,300",일시불,
2025.09.24,아웃백 코엑스,"52,200",일시불,
2025.09.25,대한항공,"277,800",일시불,
2025.09.27,교보문고 광화문,"88,000",일시불,
2025.09.27,투썸플레이스,"48,700",일시불,
2025.09.28,한우명가,"44,800",일시불,
2025.10.01,하이패스 통행료,"63,999",일시불,
2025.10.02,쿠팡이츠,"85,400",일시불,
2025.10.03,스마트짐 피트니스,"145,500",일시불,
2025.10.04,본죽 강남점,"60,700",일시불,
2025.10.04,투썸플레이스,"82,200",일시불,
2025.10.04,하이패스 통행료,"172,200",일시불,
2025.10.07,무신사,"244,274",일시불,
2025.10.08,넷플릭스,"16,490",일시불,
2025.10.08,카카오T 택시,"49,400",일시불,
2025.10.08,투썸플레이스,"76,700",일시불,
2025.10.10,스타벅스 역삼점,"33,500",일시불,
2025.10.10,쿠팡이츠,"63,750",일시불,
2025.10.10,한우명가,"36,400",일시불,
2025.10.11,GS칼텍스 논현주유소,"134,900",일시불,
2025.10.12,교보문고 광화문,"97,000",일시불,
2025.10.13,교보문고 광화문,"41,900",일시불,
2025.10.16,예스24,"39,900",일시불,
2025.10.17,카카오T 택시,"94,300",일시불,
2025.10.19,ABC마트,"143,600",일시불,
2025.10.19,곤지암리조트,"349,800",일시불,
2025.10.19,배달의민족,"56,000",일시불,
2025.10.19,한우명가,"44,500",일시불,
2025.10.20,코엑스 주차장,"68,700",일시불,
2025.10.22,쿠팡이츠,"52,300",일시불,
2025.10.25,대한항공,"425,100",일시불,
2025.10.25,하이패스 통행료,"165,500",일시불,
2025.10.26,CGV 강남,"84,450",일시불,
2025.10.26,대한항공,"272,700",일시불,
2025.10.26,예스24,"42,300",일시불,
2025.10.26,쿠팡이츠,"27,600",일시불,
2025.10.26,하이패스 통행료,"133,700",일시불,
2025.10.27,무신사,"104,400",일시불,
2025.10.27,배달의민족,"26,000",일시불,
2025.11.01,한우명가,"57,700",일시불,
2025.11.02,신세계백화점 강남점,"109,749",일시불,
2025.11.02,아웃백 코엑스,"41,350",일시불,
2025.11.03,스마트짐 피트니스,"145,500",일시불,
2025.11.05,곤지암리조트,"63,000",일시불,
2025.11.05,교촌치킨,"67,500",일시불,
2025.11.06,예스24,"38,250",일시불,
2025.11.08,넷플릭스,"16,490",일시불,
2025.11.09,제주신라호텔,"75,600",일시불,
2025.11.09,쿠팡이츠,"61,000",일시불,
2025.11.09,투썸플레이스,"64,700",일시불,
2025.11.09,하이패스 통행료,"87,300",일시불,
2025.11.10,쿠팡이츠,"48,400",일시불,
2025.11.12,ABC마트,"186,400",일시불,
2025.11.12,스타벅스 역삼점,"20,200",일시불,
2025.11.12,카카오T 택시,"77,000",일시불,
2025.11.14,카카오T 택시,"36,650",일시불,
2025.11.14,쿠팡이츠,"63,200",일시불,
2025.11.17,카카오T 택시,"34,500",일시불,
2025.11.19,ABC마트,"145,200",일시불,
2025.11.20,스타벅스 역삼점,"43,300",일시불,
2025.11.21,쿠팡이츠,"70,900",일시불,
2025.11.22,예스24,"26,500",일시불,
2025.11.22,투썸플레이스,"45,200",일시불,
2025.11.22,하이패스 통행료,"75,700",일시불,
2025.11.23,CGV 강남,"84,200",일시불,
2025.11.23,SK에너지 양재점,"98,700",일시불,
2025.11.23,코엑스 주차장,"53,000",일시불,
2025.11.24,롯데월드,"88,600",일시불,
2025.11.26,예스24,"68,000",일시불,
2025.11.27,GS칼텍스 논현주유소,"114,300",일시불,
2025.11.28,본죽 강남점,"61,600",일시불,
2025.11.28,제주신라호텔,"65,099",일시불,
2025.12.03,스마트짐 피트니스,"145,500",일시불,
2025.12.04,곤지암리조트,"454,000",일시불,
2025.12.05,ABC마트,"170,999",일시불,
2025.12.05,예스24,"103,100",일시불,
2025.12.05,예스24,"122,600",일시불,
2025.12.05,한우명가,"63,500",일시불,
2025.12.08,넷플릭스,"16,490",일시불,
2025.12.08,본죽 강남점,"39,100",일시불,
2025.12.08,스타벅스 역삼점,"38,300",일시불,
2025.12.09,무신사,"209,600",일시불,
2025.12.09,스타벅스 역삼점,"38,400",일시불,
2025.12.10,SK에너지 양재점,"70,750",일시불,
2025.12.10,본죽 강남점,"116,400",일시불,
2025.12.12,교보문고 광화문,"158,800",일시불,
2025.12.12,카카오T 택시,"63,000",일시불,
2025.12.13,SK에너지 양재점,"91,300",일시불,
2025.12.15,곤지암리조트,"178,800",일시불,
2025.12.16,하이패스 통행료,"49,600",일시불,
2025.12.18,아웃백 코엑스,"98,600",일시불,
2025.12.19,CGV 강남,"53,375",일시불,
2025.12.19,CGV 강남,"151,400",일시불,
2025.12.20,SK에너지 양재점,"69,400",일시불,
2025.12.20,아웃백 코엑스,"124,800",일시불,
2025.12.20,투썸플레이스,"65,450",일시불,
2025.12.23,아웃백 코엑스,"93,400",일시불,
2025.12.24,투썸플레이스,"48,100",일시불,
2025.12.26,경조사비,"240,200",일시불,
2025.12.26,하이패스 통행료,"91,700",일시불,
2025.12.26,한우명가,"73,400",일시불,
2025.12.27,ABC마트,"94,700",일시불,
2025.12.27,GS칼텍스 논현주유소,"65,700",일시불,
2025.12.27,GS칼텍스 논현주유소,"75,700",일시불,
2025.12.28,한우명가,"117,200",일시불,
2026.01.01,예스24,"104,500",일시불,
2026.01.02,배달의민족,"37,900",일시불,
2026.01.03,스마트짐 피트니스,"150,000",일시불,
2026.01.03,스타벅스 역삼점,"51,300",일시불,
2026.01.03,투썸플레이스,"69,600",일시불,
2026.01.04,쿠팡이츠,"49,200",일시불,
2026.01.07,GS칼텍스 논현주유소,"89,200",일시불,
2026.01.07,예스24,"88,600",일시불,
2026.01.07,하이패스 통행료,"89,900",일시불,
2026.01.08,SK에너지 양재점,"40,800",일시불,
2026.01.08,넷플릭스,"17,000",일시불,
2026.01.09,CGV 강남,"103,800",일시불,
2026.01.10,롯데월드,"171,100",일시불,
2026.01.10,무신사,"55,100",일시불,
2026.01.10,카카오T 택시,"79,100",일시불,
2026.01.11,ABC마트,"100,500",일시불,
2026.01.11,한우명가,"63,700",일시불,
2026.01.12,경조사비,"89,400",일시불,
2026.01.12,교촌치킨,"89,600",일시불,
2026.01.12,본죽 강남점,"85,500",일시불,
2026.01.13,카카오T 택시,"43,900",일시불,
2026.01.14,신세계백화점 강남점,"54,400",일시불,
2026.01.15,카카오T 택시,"79,000",일시불,
2026.01.16,대한항공,"38,400",일시불,
2026.01.16,하이패스 통행료,"96,000",일시불,
2026.01.18,SK에너지 양재점,"77,100",일시불,
2026.01.18,배달의민족,"44,600",일시불,
2026.01.19,교촌치킨,"73,900",일시불,
2026.01.21,경조사비,"82,200",일시불,
2026.01.24,예스24,"139,500",일시불,
2026.01.25,교촌치킨,"46,400",일시불,
2026.01.25,배달의민족,"83,700",일시불,
2026.01.26,한우명가,"74,600",일시불,
2026.02.02,무신사,"175,600",일시불,
2026.02.02,카카오T 택시,"58,300",일시불,
2026.02.02,하이패스 통행료,"129,000",일시불,
2026.02.03,스마트짐 피트니스,"150,000",일시불,
2026.02.03,신세계백화점 강남점,"168,400",일시불,
2026.02.03,한우명가,"45,700",일시불,
2026.02.04,SK에너지 양재점,"124,900",일시불,
2026.02.05,CGV 강남,"76,600",일시불,
2026.02.05,아웃백 코엑스,"35,500",일시불,
2026.02.06,롯데월드,"58,700",일시불,
2026.02.07,교보문고 광화문,"40,900",일시불,
2026.02.07,아웃백 코엑스,"70,600",일시불,
2026.02.08,교촌치킨,"38,500",일시불,
2026.02.08,넷플릭스,"17,000",일시불,
2026.02.08,제주신라호텔,"344,200",일시불,
2026.02.08,쿠팡이츠,"76,300",일시불,
2026.02.12,투썸플레이스,"68,700",일시불,
2026.02.15,경조사비,"307,700",일시불,
2026.02.15,쿠팡이츠,"66,400",일시불,
2026.02.16,교보문고 광화문,"46,100",일시불,
2026.02.16,투썸플레이스,"28,500",일시불,
2026.02.17,GS칼텍스 논현주유소,"157,300",일시불,
2026.02.17,신세계백화점 강남점,"145,999",일시불,
2026.02.17,카카오T 택시,"64,600",일시불,
2026.02.19,아웃백 코엑스,"87,600",일시불,
2026.02.23,교촌치킨,"43,800",일시불,
2026.02.23,카카오T 택시,"132,900",일시불,
2026.02.24,GS칼텍스 논현주유소,"138,000",일시불,
2026.02.26,GS칼텍스 논현주유소,"91,000",일시불,
2026.02.26,롯데월드,"92,700",일시불,
2026.02.26,본죽 강남점,"65,600",일시불,
2026.02.27,본죽 강남점,"37,800",일시불,
2026.02.28,곤지암리조트,"368,100",일시불,
2026.03.01,배달의민족,"72,600",일시불,
2026.03.03,곤지암리조트,"79,800",일시불,
2026.03.03,스마트짐 피트니스,"150,000",일시불,
2026.03.03,코엑스 주차장,"51,700",일시불,
2026.03.04,교보문고 광화문,"72,800",일시불,
2026.03.06,한우명가,"52,100",일시불,
2026.03.07,SK에너지 양재점,"45,900",일시불,
2026.03.07,신세계백화점 강남점,"148,700",일시불,
2026.03.08,SK에너지 양재점,"61,000",일시불,
2026.03.08,넷플릭스,"17,000",일시불,
2026.03.08,배달의민족,"31,200",일시불,
2026.03.08,카카오T 택시,"125,300",일시불,
2026.03.09,SK에너지 양재점,"139,800",일시불,
2026.03.10,곤지암리조트,"84,600",일시불,
2026.03.13,교촌치킨,"73,500",일시불,
2026.03.13,배달의민족,"39,000",일시불,
2026.03.13,신세계백화점 강남점,"125,300",일시불,
2026.03.13,쿠팡이츠,"59,400",일시불,
2026.03.14,롯데월드,"68,000",일시불,
2026.03.14,코엑스 주차장,"66,900",일시불,
2026.03.15,롯데월드,"29,300",일시불,
2026.03.15,코엑스 주차장,"57,900",일시불,
2026.03.17,경조사비,"45,600",일시불,
2026.03.18,교보문고 광화문,"70,300",일시불,
2026.03.18,배달의민족,"23,600",일시불,
2026.03.18,본죽 강남점,"74,300",일시불,
2026.03.18,신세계백화점 강남점,"-238,000",일시불,
2026.03.22,GS칼텍스 논현주유소,"46,500",일시불,
2026.03.22,교촌치킨,"28,400",일시불,
2026.03.22,쿠팡이츠,"67,600",일시불,
2026.03.24,아웃백 코엑스,"74,000",일시불,
2026.03.26,신세계백화점 강남점,"233,500",일시불,
2026.03.28,배달의민족,"69,300",일시불,
2026.03.28,예스24,"74,600",일시불,
2026.04.02,CGV 강남,"55,200",일시불,
2026.04.02,본죽 강남점,"28,500",일시불,
2026.04.02,하이패스 통행료,"48,900",일시불,
2026.04.03,스마트짐 피트니스,"150,000",일시불,
2026.04.04,스타벅스 역삼점,"78,300",일시불,
2026.04.04,코엑스 주차장,"86,700",일시불,
2026.04.06,SK에너지 양재점,"95,300",일시불,
2026.04.06,쿠팡이츠,"34,000",일시불,
2026.04.08,넷플릭스,"17,000",일시불,
2026.04.09,ABC마트,"78,500",일시불,
2026.04.09,무신사,"74,400",일시불,
2026.04.10,교촌치킨,"42,400",일시불,
2026.04.11,CGV 강남,"93,500",일시불,
2026.04.11,투썸플레이스,"70,100",일시불,
2026.04.13,본죽 강남점,"73,400",일시불,
2026.04.16,대한항공,"63,300",일시불,
2026.04.18,스타벅스 역삼점,"62,400",일시불,
2026.04.19,카카오T 택시,"36,400",일시불,
2026.04.21,GS칼텍스 논현주유소,"114,900",일시불,
2026.04.21,예스24,"38,100",일시불,
2026.04.22,경조사비,"88,600",일시불,
2026.04.22,교보문고 광화문,"76,600",일시불,
2026.04.23,교촌치킨,"30,600",일시불,
2026.04.23,아웃백 코엑스,"78,700",일시불,
2026.04.23,코엑스 주차장,"91,600",일시불,
2026.04.24,곤지암리조트,"58,100",일시불,
2026.04.24,배달의민족,"95,900",일시불,
2026.04.25,SK에너지 양재점,"78,600",일시불,
2026.04.25,교촌치킨,"35,600",일시불,
2026.04.25,쿠팡이츠,"35,100",일시불,
2026.04.26,GS칼텍스 논현주유소,"42,600",일시불,
2026.04.26,신세계백화점 강남점,"57,100",일시불,
2026.04.28,교보문고 광화문,"51,600",일시불,
2026.05.02,CGV 강남,"43,799",일시불,
2026.05.02,곤지암리조트,"212,300",일시불,
2026.05.02,대한항공,"268,600",일시불,
2026.05.02,쿠팡이츠,"30,500",일시불,
2026.05.03,스마트짐 피트니스,"150,000",일시불,
2026.05.03,스타벅스 역삼점,"97,200",일시불,
2026.05.03,예스24,"107,900",일시불,
2026.05.04,배달의민족,"45,100",일시불,
2026.05.04,코엑스 주차장,"94,800",일시불,
2026.05.05,코엑스 주차장,"68,000",일시불,
2026.05.05,투썸플레이스,"86,300",일시불,
2026.05.06,무신사,"180,600",일시불,
2026.05.07,롯데월드,"119,900",일시불,
2026.05.08,ABC마트,"60,400",일시불,
2026.05.08,넷플릭스,"17,000",일시불,
2026.05.11,롯데월드,"112,200",일시불,
2026.05.11,아웃백 코엑스,"43,700",일시불,
2026.05.11,투썸플레이스,"64,900",일시불,
2026.05.13,스타벅스 역삼점,"48,899",일시불,
2026.05.13,코엑스 주차장,"99,100",일시불,
2026.05.15,교보문고 광화문,"133,700",일시불,
2026.05.19,코엑스 주차장,"116,300",일시불,
2026.05.19,투썸플레이스,"79,700",일시불,
2026.05.22,한우명가,"103,100",일시불,
2026.05.23,하이패스 통행료,"52,300",일시불,
2026.05.24,스타벅스 역삼점,"61,800",일시불,
2026.05.25,대한항공,"239,100",일시불,
2026.05.25,카카오T 택시,"44,200",일시불,
2026.05.25,코엑스 주차장,"56,900",일시불,
2026.05.27,스타벅스 역삼점,"44,500",일시불,
2026.05.27,쿠팡이츠,"99,300",일시불,
2026.05.28,ABC마트,"179,000",일시불,
2026.05.28,코엑스 주차장,"63,400",일시불,
2026.06.01,투썸플레이스,"31,800",일시불,
2026.06.03,스마트짐 피트니스,"150,000",일시불,
2026.06.05,하이패스 통행료,"87,100",일시불,
2026.06.06,교보문고 광화문,"85,500",일시불,
2026.06.06,카카오T 택시,"85,600",일시불,
2026.06.07,CGV 강남,"48,300",일시불,
2026.06.08,GS칼텍스 논현주유소,"87,200",일시불,
2026.06.08,곤지암리조트,"105,100",일시불,
2026.06.08,넷플릭스,"17,000",일시불,
2026.06.08,대한항공,"36,500",일시불,
2026.06.09,투썸플레이스,"50,500",일시불,
2026.06.10,GS칼텍스 논현주유소,"49,500",일시불,
2026.06.10,본죽 강남점,"87,100",일시불,
2026.06.10,예스24,"59,200",일시불,
2026.06.11,GS칼텍스 논현주유소,"56,500",일시불,
2026.06.11,교보문고 광화문,"84,900",일시불,
2026.06.11,아웃백 코엑스,"91,600",일시불,
2026.06.12,곤지암리조트,"68,400",일시불,
2026.06.14,코엑스 주차장,"78,900",일시불,
2026.06.15,교촌치킨,"44,700",일시불,
2026.06.15,본죽 강남점,"44,100",일시불,
2026.06.15,쿠팡이츠,"72,800",일시불,
2026.06.16,무신사,"45,000",일시불,
2026.06.17,투썸플레이스,"66,200",일시불,
2026.06.18,카카오T 택시,"71,400",일시불,
2026.06.19,교촌치킨,"30,000",일시불,
2026.06.19,배달의민족,"82,900",일시불,
2026.06.20,아웃백 코엑스,"38,700",일시불,
2026.06.23,무신사,"74,000",일시불,
2026.06.25,배달의민족,"24,600",일시불,
2026.06.26,예스24,"37,100",일시불,
2026.06.27,GS칼텍스 논현주유소,"78,800",일시불,
2026.06.28,신세계백화점 강남점,"91,000",일시불,
2026.07.02,SK에너지 양재점,"79,500",일시불,
2026.07.02,무신사,"62,800",일시불,
2026.07.03,스마트짐 피트니스,"150,000",일시불,
2026.07.04,스타벅스 역삼점,"80,800",일시불,
2026.07.05,교보문고 광화문,"119,400",일시불,
2026.07.05,본죽 강남점,"89,400",일시불,
2026.07.05,한우명가,"57,500",일시불,
2026.07.06,교보문고 광화문,"153,800",일시불,
2026.07.07,배달의민족,"43,200",일시불,
2026.07.08,넷플릭스,"17,000",일시불,
2026.07.08,한우명가,"50,400",일시불,
2026.07.09,교촌치킨,"48,800",일시불,
2026.07.09,교촌치킨,"72,400",일시불,
2026.07.09,하이패스 통행료,"181,800",일시불,
2026.07.10,ABC마트,"85,100",일시불,
2026.07.10,무신사,"62,100",일시불,
2026.07.11,카카오T 택시,"120,600",일시불,
2026.07.12,SK에너지 양재점,"61,600",일시불,
2026.07.13,교보문고 광화문,"139,500",일시불,
2026.07.13,배달의민족,"48,600",일시불,
2026.07.14,SK에너지 양재점,"111,100",일시불,
2026.07.14,경조사비,"343,500",일시불,
2026.07.14,투썸플레이스,"48,600",일시불,
2026.07.17,카카오T 택시,"125,800",일시불,
2026.07.19,롯데월드,"118,100",일시불,
2026.07.19,투썸플레이스,"62,400",일시불,
2026.07.20,본죽 강남점,"27,400",일시불,
2026.07.21,대한항공,"856,400",일시불,
2026.07.21,예스24,"99,200",일시불,
2026.07.22,본죽 강남점,"35,500",일시불,
2026.07.24,경조사비,"360,100",일시불,
2026.07.24,카카오T 택시,"177,600",일시불,
2026.07.24,코엑스 주차장,"52,000",일시불,
2026.08.03,스마트짐 피트니스,"150,000",일시불,
2026.08.05,예스24,"168,700",일시불,
2026.08.06,ABC마트,"55,700",일시불,
2026.08.07,CGV 강남,"82,300",일시불,
2026.08.08,넷플릭스,"17,000",일시불,
2026.08.08,카카오T 택시,"105,700",일시불,
2026.08.08,쿠팡이츠,"70,800",일시불,
2026.08.08,쿠팡이츠,"71,500",일시불,
2026.08.08,하이패스 통행료,"103,900",일시불,
2026.08.11,배달의민족,"47,400",일시불,
2026.08.14,SK에너지 양재점,"201,200",일시불,
2026.08.15,투썸플레이스,"55,900",일시불,
2026.08.16,경조사비,"691,900",일시불,
2026.08.16,배달의민족,"36,300",일시불,
2026.08.17,교촌치킨,"37,800",일시불,
2026.08.18,SK에너지 양재점,"90,800",일시불,
2026.08.18,무신사,"60,700",일시불,
2026.08.18,코엑스 주차장,"97,200",일시불,
2026.08.18,쿠팡이츠,"97,600",일시불,
2026.08.18,하이패스 통행료,"102,200",일시불,
2026.08.19,교촌치킨,"32,000",일시불,
2026.08.19,신세계백화점 강남점,"93,600",일시불,
2026.08.20,CGV 강남,"219,700",일시불,
2026.08.20,배달의민족,"94,500",일시불,
2026.08.21,하이패스 통행료,"180,100",일시불,
2026.08.22,GS칼텍스 논현주유소,"63,900",일시불,
2026.08.22,롯데월드,"85,100",일시불,
2026.08.23,대한항공,"518,100",일시불,
2026.08.23,한우명가,"91,800",일시불,
2026.08.25,CGV 강남,"96,700",일시불,
2026.08.25,경조사비,"590,000",일시불,
2026.08.27,교촌치킨,"36,200",일시불,
2026.08.28,쿠팡이츠,"98,200",일시불,
2026.09.01,교촌치킨,"74,900",일시불,
2026.09.01,대한항공,"471,800",일시불,
2026.09.02,SK에너지 양재점,"147,100",일시불,
2026.09.03,스마트짐 피트니스,"150,000",일시불,
2026.09.03,스타벅스 역삼점,"59,800",일시불,
2026.09.05,롯데월드,"70,100",일시불,
2026.09.05,코엑스 주차장,"121,400",일시불,
2026.09.05,한우명가,"66,700",일시불,
2026.09.07,예스24,"54,100",일시불,
2026.09.07,쿠팡이츠,"49,000",일시불,
2026.09.08,넷플릭스,"17,000",일시불,
2026.09.08,아웃백 코엑스,"23,400",일시불,
2026.09.08,한우명가,"26,700",일시불,
2026.09.09,무신사,"122,700",일시불,
2026.09.09,쿠팡이츠,"75,000",일시불,
2026.09.10,제주신라호텔,"204,600",일시불,
2026.09.11,스타벅스 역삼점,"76,000",일시불,
2026.09.12,SK에너지 양재점,"87,000",일시불,
2026.09.12,투썸플레이스,"60,400",일시불,
2026.09.13,대한항공,"343,600",일시불,
2026.09.14,본죽 강남점,"31,700",일시불,
2026.09.15,CGV 강남,"46,400",일시불,
2026.09.16,SK에너지 양재점,"63,600",일시불,
2026.09.16,쿠팡이츠,"74,500",일시불,
2026.09.17,무신사,"170,000",일시불,
2026.09.17,예스24,"66,900",일시불,
2026.09.19,카카오T 택시,"156,200",일시불,
2026.09.21,카카오T 택시,"93,600",일시불,
2026.09.23,신세계백화점 강남점,"179,800",일시불,
2026.09.23,예스24,"77,500",일시불,
2026.09.24,SK에너지 양재점,"57,400",일시불,
2026.09.26,스타벅스 역삼점,"46,900",일시불,
2026.09.28,하이패스 통행료,"148,700",일시불,
